{"cameraMode":{"drawMode":0,"name":"Shaded","section":"Shading Mode"},"sceneLighting":true,"audioPlay":false,"sceneViewState":{"showFog":true,"showMaterialUpdate":false,"showSkybox":true,"showFlares":true,"showImageEffects":true,"showParticleSystems":true},"in2DMode":false,"pivot":{"x":-1.8618769645690919,"y":1.7959599494934083,"z":2.783383369445801},"rotation":{"x":-0.16693086922168733,"y":0.37421149015426638,"z":-0.06867482513189316,"w":-0.9096063375473023},"size":18.989959716796876,"orthographic":false}