{"cameraMode":{"drawMode":0,"name":"Shaded","section":"Shading Mode"},"sceneLighting":false,"audioPlay":false,"sceneViewState":{"showFog":true,"showMaterialUpdate":false,"showSkybox":true,"showFlares":true,"showImageEffects":true,"showParticleSystems":true},"in2DMode":false,"pivot":{"x":0.03940224647521973,"y":0.004337430000305176,"z":-0.03715789318084717},"rotation":{"x":-0.08432444930076599,"y":0.9062530994415283,"z":-0.21631665527820588,"w":-0.3532731235027313},"size":2.5628325939178469,"orthographic":false}