{"cameraMode":{"drawMode":0,"name":"Shaded","section":"Shading Mode"},"sceneLighting":true,"audioPlay":false,"sceneViewState":{"showFog":true,"showMaterialUpdate":false,"showSkybox":true,"showFlares":true,"showImageEffects":true,"showParticleSystems":true},"in2DMode":false,"pivot":{"x":-8.22033977508545,"y":2.572359085083008,"z":-1.5811481475830079},"rotation":{"x":0.01311318576335907,"y":0.8123937249183655,"z":0.018280893564224244,"w":-0.5826750993728638},"size":14.336326599121094,"orthographic":false}