{"cameraMode":{"drawMode":0,"name":"Shaded","section":"Shading Mode"},"sceneLighting":false,"audioPlay":false,"sceneViewState":{"showFog":true,"showMaterialUpdate":false,"showSkybox":true,"showFlares":true,"showImageEffects":true,"showParticleSystems":true},"in2DMode":false,"pivot":{"x":4.656612873077393e-10,"y":9.313225746154786e-10,"z":5.0},"rotation":{"x":0.07025999575853348,"y":0.8458685874938965,"z":-0.11515355855226517,"w":0.5160518288612366},"size":8.660274505615235,"orthographic":false}