{"cameraMode":{"drawMode":0,"name":"Shaded","section":"Shading Mode"},"sceneLighting":false,"audioPlay":false,"sceneViewState":{"showFog":true,"showMaterialUpdate":false,"showSkybox":true,"showFlares":true,"showImageEffects":true,"showParticleSystems":true},"in2DMode":false,"pivot":{"x":-1.6193389892578126,"y":0.8571474552154541,"z":0.8622970581054688},"rotation":{"x":-0.0840572863817215,"y":0.8649569153785706,"z":-0.1547175943851471,"w":-0.46994301676750185},"size":4.06296443939209,"orthographic":false}