{"cameraMode":{"drawMode":0,"name":"Shaded","section":"Shading Mode"},"sceneLighting":false,"audioPlay":false,"sceneViewState":{"showFog":true,"showMaterialUpdate":false,"showSkybox":true,"showFlares":true,"showImageEffects":true,"showParticleSystems":true},"in2DMode":false,"pivot":{"x":4.656612873077393e-10,"y":9.313225746154786e-10,"z":5.0},"rotation":{"x":0.01204648893326521,"y":0.9856821894645691,"z":-0.08032041788101196,"w":0.1477636992931366},"size":8.660274505615235,"orthographic":false}