{"cameraMode":{"drawMode":0,"name":"Shaded","section":"Shading Mode"},"sceneLighting":false,"audioPlay":false,"sceneViewState":{"showFog":true,"showMaterialUpdate":false,"showSkybox":true,"showFlares":true,"showImageEffects":true,"showParticleSystems":true},"in2DMode":false,"pivot":{"x":2.819999933242798,"y":1.6799999475479127,"z":2.309999942779541},"rotation":{"x":-0.0875442624092102,"y":0.779431164264679,"z":-0.11182629317045212,"w":-0.6101787090301514},"size":2.857884645462036,"orthographic":false}